{
"lengthUnit": "mil",
"components": {
	"fields": ["COMPONENT_NO", "COMPONENT_NAME", "LAYER", "X_COORDINATE", "Y_COORDINATE", "ANGLE"],
	"rows": [
		[1, "C1", "T", 105, -1265, 270],
		[2, "CN1", "T", 825, -1455, 90],
		[3, "R1", "T", -55, 670, 180],
		[4, "R2", "T", 10, -730, 0],
		[5, "U1", "T", 900, -815, 270],
		[6, "U1N1", "T", 900, 715, 270],
		[7, "PAD1", "T", -505, -830, 0],
		[8, "PAD1", "B", -505, -830, 0],
		[9, "PAD2", "T", -505, 670, 0],
		[10, "PAD2", "B", -505, 670, 0],
		[11, "PAD3", "T", -505, -330, 0],
		[12, "PAD3", "B", -505, -330, 0],
		[13, "PAD4", "T", 495, 970, 0],
		[14, "PAD4", "B", 495, 970, 0],
		[15, "PAD5", "T", 495, 870, 0],
		[16, "PAD5", "B", 495, 870, 0],
		[17, "PAD6", "T", 495, 770, 0],
		[18, "PAD6", "B", 495, 770, 0],
		[19, "PAD7", "T", 495, 670, 0],
		[20, "PAD7", "B", 495, 670, 0],
		[21, "PAD8", "T", 495, 570, 0],
		[22, "PAD8", "B", 495, 570, 0],
		[23, "PAD9", "T", 495, 470, 0],
		[24, "PAD9", "B", 495, 470, 0],
		[25, "PAD10", "T", 495, 370, 0],
		[26, "PAD10", "B", 495, 370, 0],
		[27, "PAD11", "T", 495, -530, 0],
		[28, "PAD11", "B", 495, -530, 0],
		[29, "PAD12", "T", -147.1, -1421.11, 0],
		[30, "PAD12", "B", -147.1, -1421.11, 0],
		[31, "PAD13", "T", -326.05, -1301.05, 0],
		[32, "PAD13", "B", -326.05, -1301.05, 0],
		[33, "PAD14", "T", 898.86, 249.84, 0],
		[34, "PAD14", "B", 898.86, 249.84, 0],
		[35, "PAD15", "T", 898.86, 49.84, 0],
		[36, "PAD15", "B", 898.86, 49.84, 0],
		[37, "PAD16", "T", 898.86, -150.16, 0],
		[38, "PAD16", "B", 898.86, -150.16, 0],
		[39, "PAD17", "T", 898.86, -350.16, 0],
		[40, "PAD17", "B", 898.86, -350.16, 0],
		[41, "PAD18", "T", -505, 970, 0],
		[42, "PAD18", "B", -505, 970, 0],
		[43, "PAD19", "T", -405, 970, 0],
		[44, "PAD19", "B", -405, 970, 0],
		[45, "PAD20", "T", -405, -330, 0],
		[46, "PAD20", "B", -405, -330, 0],
		[47, "PAD21", "T", -405, -830, 0],
		[48, "PAD21", "B", -405, -830, 0],
		[49, "PAD22", "T", -405, 670, 0],
		[50, "PAD22", "B", -405, 670, 0]
	]
},
"pins": {
	"fields": ["PIN_NO", "PIN_NAME", "PIN_X", "PIN_Y", "LAYER", "PIN_TYPE", "NET_NAME", "NET_TYPE", "PAD_SHAPE", "PAD_SIZEX", "PAD_SIZEY", "HOLE_SIZE", "PAD_ANGLE"],
	"rows": [
		[1, "C1_1", 105, -1196.1, "T", "DIP", "+5V", "", "C", 62.99, 62.99, 39.37, 0],
		[2, "C1_1", 105, -1196.1, "B", "DIP", "+5V", "", "C", 62.99, 62.99, 39.37, 0],
		[3, "C1_2", 105, -1333.9, "T", "DIP", "GND", "GND", "C", 62.99, 62.99, 39.37, 0],
		[4, "C1_2", 105, -1333.9, "B", "DIP", "GND", "GND", "C", 62.99, 62.99, 39.37, 0],
		[5, "CN1_1", 825, -1553.42, "T", "DIP", "GND", "GND", "C", 78.74, 78.74, 51.18, 90],
		[6, "CN1_1", 825, -1553.42, "B", "DIP", "GND", "GND", "C", 78.74, 78.74, 51.18, 90],
		[7, "CN1_2", 1021.85, -1356.58, "T", "DIP", "RX", "", "C", 78.74, 78.74, 51.18, 90],
		[8, "CN1_2", 1021.85, -1356.58, "B", "DIP", "RX", "", "C", 78.74, 78.74, 51.18, 90],
		[9, "CN1_3", 628.15, -1356.58, "T", "DIP", "CN1_3", "", "C", 78.74, 78.74, 51.18, 90],
		[10, "CN1_3", 628.15, -1356.58, "B", "DIP", "CN1_3", "", "C", 78.74, 78.74, 51.18, 90],
		[11, "CN1_4", 923.43, -1356.58, "T", "DIP", "CN1_4", "", "C", 78.74, 78.74, 51.18, 90],
		[12, "CN1_4", 923.43, -1356.58, "B", "DIP", "CN1_4", "", "C", 78.74, 78.74, 51.18, 90],
		[13, "CN1_5", 726.58, -1356.58, "T", "DIP", "TX", "", "C", 78.74, 78.74, 51.18, 90],
		[14, "CN1_5", 726.58, -1356.58, "B", "DIP", "TX", "", "C", 78.74, 78.74, 51.18, 90],
		[15, "R1_1", 147.76, 670, "T", "DIP", "1M-RES", "", "C", 60, 60, 39.37, 180],
		[16, "R1_1", 147.76, 670, "B", "DIP", "1M-RES", "", "C", 60, 60, 39.37, 180],
		[17, "R1_2", -257.76, 670, "T", "DIP", "SENSE", "", "C", 60, 60, 39.37, 180],
		[18, "R1_2", -257.76, 670, "B", "DIP", "SENSE", "", "C", 60, 60, 39.37, 180],
		[19, "R2_1", -192.76, -730, "T", "DIP", "+5V", "", "C", 60, 60, 39.37, 0],
		[20, "R2_1", -192.76, -730, "B", "DIP", "+5V", "", "C", 60, 60, 39.37, 0],
		[21, "R2_2", 212.76, -730, "T", "DIP", "1WIRE", "", "C", 60, 60, 39.37, 0],
		[22, "R2_2", 212.76, -730, "B", "DIP", "1WIRE", "", "C", 60, 60, 39.37, 0],
		[23, "U1_1", 900, -615, "T", "DIP", "+5V", "", "C", 94.49, 94.49, 62.99, 270],
		[24, "U1_1", 900, -615, "B", "DIP", "+5V", "", "C", 94.49, 94.49, 62.99, 270],
		[25, "U1_2", 900, -815, "T", "DIP", "1WIRE", "", "C", 94.49, 94.49, 62.99, 270],
		[26, "U1_2", 900, -815, "B", "DIP", "1WIRE", "", "C", 94.49, 94.49, 62.99, 270],
		[27, "U1_3", 900, -1015, "T", "DIP", "GND", "GND", "C", 94.49, 94.49, 62.99, 270],
		[28, "U1_3", 900, -1015, "B", "DIP", "GND", "GND", "C", 94.49, 94.49, 62.99, 270],
		[29, "U1N1_1", 900, 915, "T", "DIP", "+3V", "", "C", 94.49, 94.49, 62.99, 270],
		[30, "U1N1_1", 900, 915, "B", "DIP", "+3V", "", "C", 94.49, 94.49, 62.99, 270],
		[31, "U1N1_2", 900, 715, "T", "DIP", "SENSE", "", "C", 94.49, 94.49, 62.99, 270],
		[32, "U1N1_2", 900, 715, "B", "DIP", "SENSE", "", "C", 94.49, 94.49, 62.99, 270],
		[33, "U1N1_3", 900, 515, "T", "DIP", "GND", "GND", "C", 94.49, 94.49, 62.99, 270],
		[34, "U1N1_3", 900, 515, "B", "DIP", "GND", "GND", "C", 94.49, 94.49, 62.99, 270],
		[35, "PAD1_J2-19", -505, -830, "T", "DIP", "+5V", "", "C", 61.42, 61.42, 40.94, 0],
		[36, "PAD1_J2-19", -505, -830, "B", "DIP", "+5V", "", "C", 61.42, 61.42, 40.94, 0],
		[37, "PAD2_J2-4", -505, 670, "T", "DIP", "SENSE", "", "C", 61.42, 61.42, 40.94, 0],
		[38, "PAD2_J2-4", -505, 670, "B", "DIP", "SENSE", "", "C", 61.42, 61.42, 40.94, 0],
		[39, "PAD3_J2-14", -505, -330, "T", "DIP", "GND", "GND", "C", 61.42, 61.42, 40.94, 0],
		[40, "PAD3_J2-14", -505, -330, "B", "DIP", "GND", "GND", "C", 61.42, 61.42, 40.94, 0],
		[41, "PAD4_J3-1", 495, 970, "T", "DIP", "GND", "GND", "C", 61.42, 61.42, 40.94, 0],
		[42, "PAD4_J3-1", 495, 970, "B", "DIP", "GND", "GND", "C", 61.42, 61.42, 40.94, 0],
		[43, "PAD5_J3-2", 495, 870, "T", "DIP", "1M-RES", "", "C", 61.42, 61.42, 40.94, 0],
		[44, "PAD5_J3-2", 495, 870, "B", "DIP", "1M-RES", "", "C", 61.42, 61.42, 40.94, 0],
		[45, "PAD6_J3-3", 495, 770, "T", "DIP", "SCL", "", "C", 61.42, 61.42, 40.94, 0],
		[46, "PAD6_J3-3", 495, 770, "B", "DIP", "SCL", "", "C", 61.42, 61.42, 40.94, 0],
		[47, "PAD7_J3-4", 495, 670, "T", "DIP", "TX", "", "C", 61.42, 61.42, 40.94, 0],
		[48, "PAD7_J3-4", 495, 670, "B", "DIP", "TX", "", "C", 61.42, 61.42, 40.94, 0],
		[49, "PAD8_J3-5", 495, 570, "T", "DIP", "RX", "", "C", 61.42, 61.42, 40.94, 0],
		[50, "PAD8_J3-5", 495, 570, "B", "DIP", "RX", "", "C", 61.42, 61.42, 40.94, 0],
		[51, "PAD9_J3-6", 495, 470, "T", "DIP", "SDA", "", "C", 61.42, 61.42, 40.94, 0],
		[52, "PAD9_J3-6", 495, 470, "B", "DIP", "SDA", "", "C", 61.42, 61.42, 40.94, 0],
		[53, "PAD10_J3-7", 495, 370, "T", "DIP", "GND", "GND", "C", 61.42, 61.42, 40.94, 0],
		[54, "PAD10_J3-7", 495, 370, "B", "DIP", "GND", "GND", "C", 61.42, 61.42, 40.94, 0],
		[55, "PAD11_J3-16", 495, -530, "T", "DIP", "1WIRE", "", "C", 61.42, 61.42, 40.94, 0],
		[56, "PAD11_J3-16", 495, -530, "B", "DIP", "1WIRE", "", "C", 61.42, 61.42, 40.94, 0],
		[57, "PAD12_2", -147.1, -1421.11, "T", "DIP", "GND", "GND", "O", 157.48, 78.74, 118.11, 90],
		[58, "PAD12_2", -147.1, -1421.11, "B", "DIP", "GND", "GND", "O", 157.48, 78.74, 118.11, 90],
		[59, "PAD13_1", -326.05, -1301.05, "T", "DIP", "+5V", "", "O", 78.74, 157.48, 118.11, 90],
		[60, "PAD13_1", -326.05, -1301.05, "B", "DIP", "+5V", "", "O", 78.74, 157.48, 118.11, 90],
		[61, "PAD14_1", 898.86, 249.84, "T", "DIP", "+3V", "", "C", 98.42, 98.42, 62.99, 270],
		[62, "PAD14_1", 898.86, 249.84, "B", "DIP", "+3V", "", "C", 98.42, 98.42, 62.99, 270],
		[63, "PAD15_2", 898.86, 49.84, "T", "DIP", "SCL", "", "C", 98.42, 98.42, 62.99, 270],
		[64, "PAD15_2", 898.86, 49.84, "B", "DIP", "SCL", "", "C", 98.42, 98.42, 62.99, 270],
		[65, "PAD16_3", 898.86, -150.16, "T", "DIP", "SDA", "", "C", 98.42, 98.42, 62.99, 270],
		[66, "PAD16_3", 898.86, -150.16, "B", "DIP", "SDA", "", "C", 98.42, 98.42, 62.99, 270],
		[67, "PAD17_4", 898.86, -350.16, "T", "DIP", "GND", "GND", "C", 98.42, 98.42, 62.99, 270],
		[68, "PAD17_4", 898.86, -350.16, "B", "DIP", "GND", "GND", "C", 98.42, 98.42, 62.99, 270],
		[69, "PAD18_J2-1", -505, 970, "T", "DIP", "+3V", "", "R", 61.42, 61.42, 40.94, 0],
		[70, "PAD18_J2-1", -505, 970, "B", "DIP", "+3V", "", "R", 61.42, 61.42, 40.94, 0],
		[71, "PAD19_J2-1", -405, 970, "T", "DIP", "+3V", "", "R", 61.42, 61.42, 40.94, 0],
		[72, "PAD19_J2-1", -405, 970, "B", "DIP", "+3V", "", "R", 61.42, 61.42, 40.94, 0],
		[73, "PAD20_J2-14", -405, -330, "T", "DIP", "GND", "GND", "C", 61.42, 61.42, 40.94, 0],
		[74, "PAD20_J2-14", -405, -330, "B", "DIP", "GND", "GND", "C", 61.42, 61.42, 40.94, 0],
		[75, "PAD21_J2-19", -405, -830, "T", "DIP", "+5V", "", "C", 61.42, 61.42, 40.94, 0],
		[76, "PAD21_J2-19", -405, -830, "B", "DIP", "+5V", "", "C", 61.42, 61.42, 40.94, 0],
		[77, "PAD22_J2-4", -405, 670, "T", "DIP", "SENSE", "", "C", 61.42, 61.42, 40.94, 0],
		[78, "PAD22_J2-4", -405, 670, "B", "DIP", "SENSE", "", "C", 61.42, 61.42, 40.94, 0]
	]
}
}